{
    "bandeiras": [
        {
            "codigoRN": [3],
            "codigoMI": 11,
            "descricao": "BNBCLUBE"
        },
        {
            "codigoRN": [6,7,8],
            "codigoMI": 13,
            "descricao": "CABAL"
        },
        {
            "codigoRN": [11,33,134,135,136],
            "codigoMI": 4,
            "descricao": "MASTERCARD"
        },
        {
            "codigoRN": [12,13],
            "codigoMI": 16,
            "descricao": "COOPERCRED"
        },
        {
            "codigoRN": [14,39],
            "codigoMI": 3,
            "descricao": "MAESTRO"
        },
        {
            "codigoRN": [16],
            "codigoMI": 17,
            "descricao": "MAIS"
        },
        {
            "codigoRN": [21],
            "codigoMI": 18,
            "descricao": "DINERS"
        },
        {
            "codigoRN": [24],
            "codigoMI": 19,
            "descricao": "GREEN CARD"
        },
        {
            "codigoRN": [26],
            "codigoMI": 20,
            "descricao": "HIPERCARD"
        },
        {
            "codigoRN": [29,30],
            "codigoMI": 21,
            "descricao": "HIPER"
        },
        {
            "codigoRN": [34],
            "codigoMI": 22,
            "descricao": "NUTRICASH"
        },
        {
            "codigoRN": [36],
            "codigoMI": 23,
            "descricao": "PLANVALE"
        },
        {
            "codigoRN": [47,65,66],
            "codigoMI": 7,
            "descricao": "SODEXO"
        },
        {
            "codigoRN": [48,49],
            "codigoMI": 26,
            "descricao": "SOROCRED"
        },
        {
            "codigoRN": [50,98],
            "codigoMI": 8,
            "descricao": "TICKET"
        },
        {
            "codigoRN": [18,19,20,51,52,53,54],
            "codigoMI": 30,
            "descricao": "UNION PAY"
        },
        {
            "codigoRN": [59],
            "codigoMI": 29,
            "descricao": "VEROCHEQUE"
        },
        {
            "codigoRN": [60],
            "codigoMI": 2,
            "descricao": "VISA"
        },
        {
            "codigoRN": [58,59,61],
            "codigoMI": 1,
            "descricao": "VISA ELECTRON"
        },
		        {
            "codigoRN": [1168],
            "codigoMI": 33,
            "descricao": "ALELO"
        },
        {
            "codigoRN": [133],
            "codigoMI": 34,
            "descricao": "AMEX"
        },
        {
            "codigoRN": [1162,1166],
            "codigoMI": 35,
            "descricao": "BANESCARD"
        },
        {
            "codigoRN": [1161],
            "codigoMI": 36,
            "descricao": "CREDZ"
        },
        {
            "codigoRN": [131,132],
            "codigoMI": 37,
            "descricao": "ELO"
        },
        {
            "codigoRN": [1160,1164],
            "codigoMI": 38,
            "descricao": "JCB"
        },
        {
            "codigoRN": [1163],
            "codigoMI": 39,
            "descricao": "VR"
        },
		{
            "codigoRN": [9991],
            "codigoMI": 99,
            "descricao": "TESTE"
        }
    ]
}
